{
 "system_028": {
  "cap_bar": 0.0,
  "capacity": 1.0,
  "case": "Fractal Design R4 (custom)",
  "ditch": 0,
  "drive_count": 2,
  "drives": {
   "SS0025": 1,
   "SS0075": 1
  },
  "drvc_bar": 10.940039178680218,
  "notes": "BotW",
  "os": "Arch Linux",
  "post": 368180,
  "ranking_points": 0.6931471805599453,
  "rp_bar": -5.7847248363858155,
  "storage_sys": {
   "ZFS": 1
  },
  "timestamp": 1372000995,
  "updates": null,
  "username": "alpenwasser"
 },
 "system_029": {
  "cap_bar": 43.76015671472087,
  "capacity": 16.0,
  "case": "Bitfenix Phenom M",
  "ditch": 0,
  "drive_count": 4,
  "drives": {
   "WD0400": 4
  },
  "drvc_bar": 21.880078357360436,
  "notes": null,
  "os": "FreeNAS",
  "post": 1561286,
  "ranking_points": 22.18070977791825,
  "rp_bar": 48.915471057015274,
  "storage_sys": {
   "ZFS": 1
  },
  "timestamp": 1392666414,
  "updates": null,
  "username": "Hoppa"
 },
 "system_043": {
  "cap_bar": 32.82011753604065,
  "capacity": 8.0,
  "case": "K'nex Custom Case",
  "ditch": 0,
  "drive_count": 4,
  "drives": {
   "SG0200": 1,
   "WD0200": 3
  },
  "drvc_bar": 21.880078357360436,
  "notes": "<strong>K'Nex</strong Build, BotW",
  "os": "Debian",
  "post": 277922,
  "ranking_points": 11.090354888959125,
  "rp_bar": 37.97543187833505,
  "storage_sys": {
   "mdadm": 1
  },
  "timestamp": 1370132388,
  "updates": null,
  "username": "MG2R"
 },
 "system_044": {
  "cap_bar": 10.940039178680218,
  "capacity": 2.0,
  "case": "HP Proliant MicroServer N40L",
  "ditch": 0,
  "drive_count": 3,
  "drives": {
   "SG0050": 1,
   "SG0100": 1,
   "WD0050": 1
  },
  "drvc_bar": 17.339551854628425,
  "notes": null,
  "os": "unRAID",
  "post": 303666,
  "ranking_points": 2.1972245773362196,
  "rp_bar": 12.424409234063384,
  "storage_sys": {
   "unRAID": 1
  },
  "timestamp": 1370542254,
  "updates": null,
  "username": "cushy91"
 },
 "system_049": {
  "cap_bar": 34.67910370925685,
  "capacity": 9.0,
  "case": "Bitfenix Prodigy mITX",
  "ditch": 0,
  "drive_count": 3,
  "drives": {
   "WD0300": 3
  },
  "drvc_bar": 17.339551854628425,
  "notes": null,
  "os": "Win 8",
  "post": 2195738,
  "ranking_points": 9.887510598012987,
  "rp_bar": 36.16347376464001,
  "storage_sys": {
   "JBOD": 1
  },
  "timestamp": 1402515303,
  "updates": null,
  "username": "2sysel2"
 },
 "system_052": {
  "cap_bar": 43.76015671472087,
  "capacity": 16.0,
  "case": "Lian Li PC-Q35",
  "ditch": 0,
  "drive_count": 4,
  "drives": {
   "WD0400": 4
  },
  "drvc_bar": 21.880078357360436,
  "notes": null,
  "os": "WS 2012",
  "post": 2261402,
  "ranking_points": 22.18070977791825,
  "rp_bar": 48.915471057015274,
  "storage_sys": {
   "HwRD": 1
  },
  "timestamp": 1403458443,
  "updates": null,
  "username": "Graveworm"
 },
 "system_053": {
  "cap_bar": 38.54790584777083,
  "capacity": 11.5,
  "case": "K'nex Custom Case",
  "ditch": 0,
  "drive_count": 4,
  "drives": {
   "WD0150": 1,
   "WD0200": 1,
   "WD0400": 2
  },
  "drvc_bar": 21.880078357360436,
  "notes": "<strong>K'nex</strong>",
  "os": "Win 8.1",
  "post": 2298428,
  "ranking_points": 15.942385152878742,
  "rp_bar": 43.70322019006523,
  "storage_sys": {
   "JBOD": 1
  },
  "timestamp": 1403974370,
  "updates": null,
  "username": "Zerreth"
 },
 "system_054": {
  "cap_bar": 40.48295549480793,
  "capacity": 13.0,
  "case": "Synology DS412+",
  "ditch": 0,
  "drive_count": 4,
  "drives": {
   "SG0300": 1,
   "SG0400": 1,
   "WD0300": 2
  },
  "drvc_bar": 21.880078357360436,
  "notes": null,
  "os": "Synology",
  "post": 2304876,
  "ranking_points": 18.021826694558577,
  "rp_bar": 45.638269837102335,
  "storage_sys": {
   "SHR": 1
  },
  "timestamp": 1404076473,
  "updates": null,
  "username": "Dr_Frankenstein"
 },
 "system_058": {
  "cap_bar": 43.76015671472087,
  "capacity": 16.0,
  "case": "Fractal Design Arc Midi R2",
  "ditch": 0,
  "drive_count": 4,
  "drives": {
   "SG0400": 4
  },
  "drvc_bar": 21.880078357360436,
  "notes": null,
  "os": "FreeNAS",
  "post": 2635265,
  "ranking_points": 22.18070977791825,
  "rp_bar": 48.915471057015274,
  "storage_sys": {
   "ZFS": 1
  },
  "timestamp": 1407532365,
  "updates": null,
  "username": "lekro"
 },
 "system_059": {
  "cap_bar": 52.59265119313137,
  "capacity": 28.0,
  "case": "Acer R380F2 + Chembro 24 Bay",
  "ditch": 1,
  "drive_count": 22,
  "drives": {
   "HT0200": 2,
   "SG0100": 6,
   "SG0200": 1,
   "WD0100": 10,
   "WD0200": 3
  },
  "drvc_bar": 48.786356622537376,
  "notes": null,
  "os": "NAS4Free",
  "post": 2654107,
  "ranking_points": 86.54918869403285,
  "rp_bar": 70.40405752796167,
  "storage_sys": {
   "ZFS": 1
  },
  "timestamp": 1407763084,
  "updates": null,
  "username": "PhantomWarz"
 },
 "system_061": {
  "cap_bar": 0.0,
  "capacity": 1.0,
  "case": "Open Air",
  "ditch": 0,
  "drive_count": 1,
  "drives": {
   "SS0100": 1
  },
  "drvc_bar": 0.0,
  "notes": "Open air, no case",
  "os": "Ubuntu Srv",
  "post": 595065,
  "ranking_points": 0.0,
  "rp_bar": -Infinity,
  "storage_sys": {
   "JBOD": 1
  },
  "timestamp": 1376334838,
  "updates": null,
  "username": "dzintars"
 },
 "system_063": {
  "cap_bar": 50.15966939066908,
  "capacity": 24.0,
  "case": "Custom Wood Case",
  "ditch": 1,
  "drive_count": 8,
  "drives": {
   "SG0300": 8
  },
  "drvc_bar": 32.82011753604065,
  "notes": null,
  "os": "OpenMediaVault",
  "post": 2777040,
  "ranking_points": 49.906597000316054,
  "rp_bar": 61.71449640891168,
  "storage_sys": {
   "SwRD": 1
  },
  "timestamp": 1409074359,
  "updates": null,
  "username": "{EAC} Shoot em UP"
 },
 "system_068": {
  "cap_bar": 42.74153618277449,
  "capacity": 15.0,
  "case": "Custom Case",
  "ditch": 1,
  "drive_count": 6,
  "drives": {
   "SG0200": 3,
   "WD0300": 3
  },
  "drvc_bar": 28.279591033308638,
  "notes": null,
  "os": "WS 2012R2",
  "post": 2938125,
  "ranking_points": 26.876392038420825,
  "rp_bar": 51.94623329708615,
  "storage_sys": {
   "SwRD": 1
  },
  "timestamp": 1410627010,
  "updates": null,
  "username": "MariusJS"
 },
 "system_070": {
  "cap_bar": 39.21963021198886,
  "capacity": 12.0,
  "case": "Fractal Node 804",
  "ditch": 0,
  "drive_count": 4,
  "drives": {
   "WD0300": 4
  },
  "drvc_bar": 21.880078357360436,
  "notes": null,
  "os": "WS 2012R2",
  "post": 3068247,
  "ranking_points": 16.635532333438686,
  "rp_bar": 44.37494455428326,
  "storage_sys": {
   "HwRD": 1
  },
  "timestamp": 1411922097,
  "updates": null,
  "username": "EmeraldFlame"
 },
 "system_073": {
  "cap_bar": 28.279591033308638,
  "capacity": 6.0,
  "case": "Lian Li PC-7FN",
  "ditch": 0,
  "drive_count": 4,
  "drives": {
   "SS0100": 2,
   "SS0200": 2
  },
  "drvc_bar": 21.880078357360436,
  "notes": null,
  "os": "WS 2008R2",
  "post": 3148440,
  "ranking_points": 8.317766166719343,
  "rp_bar": 33.434905375603044,
  "storage_sys": {
   "JBOD": 1
  },
  "timestamp": 1412847933,
  "updates": null,
  "username": "kichilron"
 },
 "system_074": {
  "cap_bar": 32.82011753604065,
  "capacity": 8.0,
  "case": "NZXT H630",
  "ditch": 0,
  "drive_count": 3,
  "drives": {
   "SG0400": 1,
   "SS0200": 2
  },
  "drvc_bar": 17.339551854628425,
  "notes": null,
  "os": "Win 8.1",
  "post": 3148440,
  "ranking_points": 8.788898309344878,
  "rp_bar": 34.30448759142382,
  "storage_sys": {
   "JBOD": 1,
   "SwRD": 1
  },
  "timestamp": 1412847933,
  "updates": null,
  "username": "kichilron"
 },
 "system_080": {
  "cap_bar": 46.05158474080801,
  "capacity": 18.5,
  "case": "Rosewill Blackbone",
  "ditch": 1,
  "drive_count": 11,
  "drives": {
   "WD0050": 1,
   "WD0100": 6,
   "WD0300": 4
  },
  "drvc_bar": 37.84631744385716,
  "notes": null,
  "os": "CentOS",
  "post": 3691169,
  "ranking_points": 44.36106254676986,
  "rp_bar": 59.855383216612104,
  "storage_sys": {
   "mdadm": 1
  },
  "timestamp": 1418852490,
  "updates": [
   4039044
  ],
  "username": "unijab"
 },
 "system_083": {
  "cap_bar": 43.76015671472087,
  "capacity": 16.0,
  "case": "Fractal Node 304",
  "ditch": 0,
  "drive_count": 4,
  "drives": {
   "WD0400": 4
  },